id,draft_position,height,height_inches
abdulma02,3,6-1,73
abdulta01,11,6-6,78
abdursh01,3,6-9,81
abrinal01,32,6-6,78
achiupr01,20,6-8,80
ackeral01,60,6-5,77
acyqu01,37,6-7,79
adamsha01,54,6-4,76
adamsja01,NA,6-0,72
adamsjo01,22,6-5,77
adamsst01,12,6-11,83
addisra01,39,6-7,79
adebaba01,14,6-9,81
adelde01,NA,6-7,79
adrieje01,NA,6-7,79
afflaar01,27,6-5,77
agbajoc01,14,6-5,77
agerma01,28,6-5,77
ahearbl01,NA,6-2,74
ajincal01,20,7-2,86
akognjo01,NA,5-11,71
akoonde01,NA,6-6,78
alabiso01,50,7-1,85
aldamsa01,30,7-0,84
aldemfu01,53,6-10,82
aldrico01,11,6-11,83
aldrila01,2,6-11,83
alexacl01,NA,6-8,80
alexaco01,29,6-1,73
alexaco02,13,6-5,77
alexajo01,8,6-8,80
alexaky01,NA,6-11,83
alexani01,17,6-5,77
alexatr01,NA,6-5,77
alexaty01,NA,6-3,75
alexavi01,17,6-9,81
alkinra01,NA,6-5,77
allengr01,21,6-3,75
allenja01,22,6-9,81
allenje01,49,6-4,76
allenka01,53,6-1,73
allenla01,50,6-9,81
allenma01,NA,6-10,82
allenra02,5,6-5,77
allenti01,NA,6-6,78
allento01,25,6-4,76
allrela01,NA,6-11,83
almonmo01,25,6-6,78
alstode01,33,6-11,83
alstora01,39,6-2,74
alumape01,NA,6-10,82
alvarjo01,NA,6-0,72
amaecjo01,NA,6-10,82
amayaas01,NA,6-8,80
aminual01,8,6-9,81
amundlo01,NA,6-9,81
anderal01,NA,6-6,78
anderan02,NA,6-6,78
anderch01,NA,6-10,82
anderda03,37,6-11,83
anderde01,13,6-5,77
andergr01,23,6-10,82
anderja01,20,6-6,78
anderju01,21,6-6,78
anderke01,2,6-1,73
anderky01,30,6-8,80
anderni01,11,6-6,78
anderry01,21,6-9,81
andersh01,54,6-6,78
anderwi01,10,6-7,79
andrima01,44,7-2,86
anigbik01,47,6-9,81
anstech01,18,7-0,84
antetgi01,15,6-11,83
antetko01,60,6-10,82
antetth01,51,6-7,79
anthoca01,3,6-7,79
anthoco01,15,6-2,74
anthogr01,12,6-0,72
anthojo01,NA,6-9,81
anticpe01,NA,6-11,83
anunoog01,23,6-7,79
applike01,NA,6-1,73
araujra01,8,6-11,83
archiro01,32,6-11,83
arcidry01,NA,6-3,75
arenagi01,31,6-4,76
arizatr01,43,6-8,80
armeltr01,NA,6-9,81
armstbj01,18,6-2,74
armstbr01,23,6-5,77
armstda01,NA,6-1,73
armsthi01,12,6-11,83
arroyca01,NA,6-2,74
artesro01,16,6-7,79
arthuda01,27,6-9,81
artisja01,NA,6-7,79
asikom01,36,7-0,84
askewvi01,39,6-6,78
askinke01,NA,6-7,79
atkinch01,NA,5-11,71
augmost01,9,6-8,80
augusdj01,9,5-11,71
augusja01,41,6-10,82
austiis01,48,6-10,82
avdijde01,9,6-8,80
aventan01,15,6-9,81
averywi01,14,6-2,74
ayayijo01,NA,6-4,76
ayongu01,NA,6-10,82
aytonde01,1,7-0,84
azubuke01,NA,6-5,77
azubuud01,27,6-11,83
babbch01,NA,6-5,77
babbilu01,16,6-9,81
bacondw01,40,6-6,78
badjiib01,NA,6-10,82
bagarda01,24,7-1,85
baglema01,2,6-10,82
baglema02,NA,6-8,80
baileac01,5,6-9,81
baileam01,41,6-3,75
baileth01,7,6-11,83
baileto01,45,6-6,78
bairsca01,49,6-9,81
bakerla01,NA,6-1,73
bakerma01,NA,6-1,73
bakerro01,NA,6-4,76
bakervi01,8,6-11,83
baldwpa01,28,7-0,84
baldwwa01,17,6-4,76
balkmre01,20,6-8,80
ballla01,3,6-7,79
balllo01,2,6-5,77
bambamo01,6,7-0,84
banchpa01,1,6-10,82
banede01,30,6-6,78
banksma01,13,6-2,74
bantoda01,46,6-8,80
barbeca01,NA,6-2,74
barbole01,28,6-3,75
bareajo01,NA,5-10,70
bargnan01,1,7-0,84
barklch01,5,6-6,78
barkler01,28,6-1,73
barlodo01,NA,6-9,81
barneha02,7,6-7,79
barnema02,46,6-7,79
barnesc01,4,6-8,80
barnhbr01,44,6-5,77
barrean01,NA,5-10,70
barrerj01,3,6-6,78
barroda01,16,5-11,71
barroea01,NA,7-0,84
barrybr01,15,6-6,78
barrydr01,57,6-5,77
barryjo01,21,6-4,76
bartowi01,40,6-5,77
basdeed01,NA,6-5,77
bassbr01,33,6-8,80
bassech01,53,6-10,82
basspa01,NA,6-8,80
bastoma01,58,6-9,81
bateeme01,NA,6-11,83
batesem01,49,6-9,81
bateske01,48,6-8,80
batises01,NA,6-10,82
batismi01,NA,6-8,80
battish01,6,6-8,80
battito01,5,6-11,83
battlja01,NA,6-7,79
batumni01,25,6-7,79
baughda01,NA,6-4,76
baxtelo01,44,6-8,80
bayleje01,11,6-3,75
baynear01,NA,6-10,82
bazemke01,NA,6-4,76
bazleda01,23,6-9,81
bealbr01,3,6-4,76
beaslje01,33,6-10,82
beaslma01,19,6-4,76
beaslmi01,2,6-9,81
beaubro01,25,6-0,72
beaucma01,24,6-7,79
beckco01,NA,6-1,73
beekmre01,NA,6-3,75
belinma01,18,6-5,77
bellch01,NA,6-3,75
belljo01,38,6-8,80
bellra01,NA,6-5,77
belltr01,16,6-1,73
bembrde01,21,6-5,77
bendedr01,4,7-0,84
bendejo01,5,6-11,83
benimje01,NA,6-8,80
benjabe01,3,7-0,84
benjaco01,28,6-6,78
bennean01,1,6-8,80
benneel01,38,6-0,72
bennema01,27,6-6,78
benoida01,NA,6-8,80
bensoke02,48,6-11,83
bentibe01,51,6-9,81
berinjo01,17,6-11,83
bernaju01,NA,6-6,78
bertada01,42,6-10,82
bertada02,NA,6-4,76
besttr01,23,5-11,71
beverpa01,42,6-2,74
beysa01,19,6-8,80
beyty01,36,6-7,79
bhullsi01,NA,7-5,89
bibbymi01,2,6-1,73
biedran01,11,6-11,83
billuch01,3,6-3,75
birchkh01,NA,6-8,80
birdja01,56,6-6,78
bitadgo01,18,6-11,83
bitimon01,NA,6-6,78
biyombi01,7,6-8,80
bjeline01,35,6-10,82
blackan01,6,6-7,79
blackle01,NA,6-6,78
blackta01,NA,6-9,81
blairde01,37,6-7,79
blakean01,NA,6-4,76
blakest01,38,6-3,75
blalowi01,60,6-0,72
blatcan01,49,6-11,83
blaylmo01,12,6-0,72
bledser01,18,6-1,73
blevike01,NA,6-4,76
blossja01,59,6-8,80
blounco01,25,6-9,81
blounma01,55,7-0,84
blueva01,NA,6-4,76
bobbito01,NA,6-4,76
boehebu01,NA,6-5,77
boganke01,43,6-5,77
bogdabo01,27,6-5,77
bogdabo02,31,6-7,79
boguemu01,12,5-3,63
bogutan01,1,7-0,84
bohanet01,NA,6-9,81
bolbo01,44,7-3,87
boldejo01,36,6-8,80
boldema01,NA,6-10,82
bolmale01,23,6-6,78
bolomjo01,52,6-9,81
bonaad01,41,6-10,82
bonejo01,57,6-2,74
boneyde01,NA,6-4,76
bongais01,39,6-8,80
bonnema01,45,6-10,82
bookede01,13,6-5,77
bookeme01,NA,6-2,74
booketr01,23,6-8,80
boonejo01,23,6-10,82
boothca01,35,6-11,83
boothke01,28,6-6,78
boozeca01,35,6-9,81
borchcu01,18,7-0,84
borrela01,NA,6-8,80
boshch01,4,6-11,83
bostobr01,51,6-6,78
bouchch01,NA,6-8,80
bouknja01,11,6-4,76
boumtru01,50,7-0,84
bouyeja01,NA,6-2,74
bowdlca01,17,6-10,82
bowenbr01,NA,6-7,79
bowenbr02,NA,6-7,79
bowenry01,55,6-7,79
bowiean01,66,6-6,78
bowmair01,NA,6-5,77
bowmaky01,NA,6-1,73
boycedo01,42,6-5,77
boykiea01,NA,5-5,65
bozemce01,NA,6-6,78
brackcr01,21,6-10,82
bradlav01,19,6-3,75
bradlmi01,17,6-10,82
bradlsh01,2,7-6,90
bradlto01,28,6-10,82
bradtma01,NA,6-10,82
braggto01,57,6-8,80
bramlaj01,39,6-10,82
brandel01,1,6-9,81
brandte01,11,5-11,71
branhma01,20,6-4,76
brantja01,50,6-5,77
braunch01,21,6-6,78
brazdig01,47,6-6,78
breako01,41,6-5,77
breauti01,NA,6-7,79
bremejr01,NA,6-2,74
breweco01,7,6-9,81
breweja01,41,6-4,76
brewero02,14,6-7,79
brezepr01,27,7-2,86
brickfr01,57,6-9,81
bridgja01,NA,6-7,79
bridgmi01,10,6-6,78
bridgmi02,12,6-7,79
brimaam01,NA,6-10,82
briscis01,NA,6-3,75
brissos01,NA,6-7,79
brockiz01,NA,6-4,76
brockjo01,38,6-7,79
broekry01,NA,6-6,78
brogdma01,36,6-4,76
brookaa01,26,6-0,72
brookar01,NA,6-3,75
brookdi01,45,6-7,79
brookke02,NA,6-7,79
brookma01,25,6-5,77
brooksc01,NA,5-11,71
broomjo01,35,6-10,82
brownan01,NA,6-9,81
brownan02,34,6-7,79
brownbo02,NA,6-2,74
brownbr01,42,6-4,76
brownch01,43,6-7,79
brownch02,NA,6-6,78
brownch05,NA,6-5,77
brownda02,37,6-9,81
brownde01,19,6-2,74
brownde02,NA,6-5,77
brownde03,46,6-0,72
brownde04,40,6-7,79
browner01,52,7-0,84
brownge02,NA,6-4,76
browngr01,43,6-7,79
brownja01,NA,6-4,76
brownja02,3,6-6,78
brownke01,11,6-7,79
brownke03,48,6-6,78
brownko01,30,6-7,79
brownkw01,1,6-11,83
brownlo01,52,6-5,77
brownma01,46,6-3,75
brownma02,44,6-3,75
brownmi01,69,6-9,81
brownmo01,NA,7-2,86
brownpj01,29,6-11,83
brownra02,31,6-2,74
brownsh01,25,6-4,76
brownst02,46,6-5,77
brownti01,NA,6-2,74
browntr01,15,6-7,79
brunsja01,33,6-2,74
brunsri01,NA,6-4,76
brussni01,NA,6-8,80
bryanca01,14,6-6,78
bryanel01,NA,6-5,77
bryanko01,13,6-6,78
bryanma01,21,6-9,81
bryanth01,42,6-9,81
buchash01,NA,6-3,75
buckngr01,53,6-4,76
budinch01,44,6-7,79
buechju01,38,6-6,78
bufkiko01,15,6-4,76
buforro01,53,6-5,77
bullama01,NA,6-10,82
bullore01,25,6-6,78
burkepa01,NA,6-11,83
burketr01,9,6-0,72
burksal01,12,6-5,77
burksan01,36,6-1,73
burleke01,NA,6-3,75
burresc01,20,6-7,79
burtode02,NA,6-4,76
burtowi01,9,6-8,80
butleca01,10,6-7,79
butleja01,NA,6-10,82
butleja02,40,6-3,75
butleji01,30,6-6,78
butlejo01,NA,7-0,84
butlemi02,NA,6-5,77
butlera01,53,6-7,79
buyckdw01,NA,6-3,75
buzelma01,11,6-8,80
byarsde01,42,6-7,79
bynuman01,10,7-0,84
bynumwi01,NA,6-0,72
cabarza01,17,6-11,83
cabocbr01,20,6-9,81
cacokde01,NA,6-7,79
caffeja01,20,6-8,80
cagemi01,14,6-9,81
cainja01,NA,6-7,79
calatni01,45,6-6,78
caldejo01,NA,6-3,75
caldwad01,NA,6-8,80
caldwke01,8,6-5,77
camarto01,52,6-7,79
cambyma01,2,6-11,83
campafa01,NA,5-10,70
campbel01,27,6-11,83
canaais01,34,6-0,72
cancavl01,49,6-8,80
cannade01,NA,6-2,74
capelca01,25,6-10,82
caracde01,58,6-9,81
cardibr01,44,6-8,80
cardwdy01,NA,6-10,82
careyve01,32,6-10,82
carlige01,NA,6-3,75
carlsbr01,NA,7-0,84
carnero01,16,6-7,79
carran01,8,6-9,81
carrch01,56,6-5,77
carrco01,49,6-3,75
carrica01,14,6-4,76
carrode01,27,6-6,78
carroma01,NA,6-6,78
carruji01,NA,6-10,82
cartean01,NA,6-1,73
cartede02,13,6-2,74
carteje01,32,6-0,72
cartema01,NA,6-5,77
cartemi01,11,6-6,78
cartevi01,5,6-6,78
cartewe01,7,6-10,82
cartodj01,NA,6-2,74
carusal01,NA,6-5,77
cassesa01,24,6-3,75
casspom01,23,6-9,81
castlco01,NA,6-10,82
castlst01,4,6-6,78
catoke01,15,6-11,83
caulewi01,6,7-0,84
caupatr01,NA,6-4,76
causwdu01,18,7-0,84
cavanty01,NA,6-9,81
caverah01,NA,6-2,74
cazalma01,NA,6-6,78
cebalce01,48,6-7,79
celesjo01,30,6-4,76
chalmli01,33,6-0,72
chalmma01,34,6-2,74
chambto01,8,6-10,82
champju01,NA,6-6,78
champju02,NA,6-7,79
chandke01,38,6-0,72
chandty01,2,7-0,84
chandwi01,23,6-8,80
chapmre01,8,6-4,76
chealjo01,NA,6-4,76
cheanca01,6,6-7,79
cheatzy01,NA,6-5,77
cherrwi01,NA,6-0,72
chilcpe01,27,6-10,82
childch01,NA,6-3,75
childjo01,6,6-8,80
childra01,19,6-2,74
chiozch01,NA,5-11,71
chomcul01,57,6-11,83
chrisca02,46,6-5,77
chrisdi01,NA,6-5,77
chrisdo01,17,6-6,78
chrisjo01,24,6-4,76
chrisma01,8,6-9,81
chrisma02,35,6-5,77
chrispa01,NA,6-5,77
chrisra01,36,6-9,81
chrisse01,55,6-3,75
cissemo01,NA,6-11,83
cissosi01,44,6-6,78
clarkbr01,21,6-8,80
clarkco01,NA,6-7,79
clarkea01,14,6-10,82
clarkga01,NA,6-6,78
clarkia01,NA,6-3,75
clarkja02,53,6-5,77
clarkjo01,46,6-5,77
clarkke01,13,6-11,83
clavegi01,NA,6-4,76
clavevi01,22,6-9,81
claxtni01,31,6-11,83
claxtsp01,20,5-11,71
claytwa01,18,6-4,76
cleavma01,14,6-2,74
clemoch01,NA,5-9,69
clevean01,NA,6-5,77
cliffni01,24,6-5,77
clingdo01,7,7-2,86
closske01,NA,7-3,87
clownno01,21,6-10,82
coffeam01,NA,6-7,79
cokerjo01,NA,7-0,84
colemde01,1,6-10,82
coleno01,28,6-2,74
colesbi01,40,6-0,72
collida01,21,6-0,72
colliis01,29,6-4,76
collija01,37,6-4,76
collija02,15,7-0,84
collija03,53,6-11,83
collija04,18,7-0,84
collijo01,19,6-9,81
colliky01,NA,6-6,78
collima01,29,6-6,78
collini01,12,6-10,82
collish01,NA,5-11,71
colliyu01,NA,6-0,72
colliza01,10,6-9,81
colsobo01,NA,6-6,78
colsose01,NA,6-0,72
comanch01,NA,6-10,82
conlemi01,4,6-1,73
conloma01,NA,6-10,82
connapa01,41,6-5,77
conrowi01,NA,6-2,74
cookbr01,24,6-9,81
cookda02,21,6-5,77
cookech01,NA,6-5,77
cookeja01,NA,6-6,78
cookom01,32,6-1,73
cookqu01,NA,6-1,73
cooksxa01,NA,6-8,80
cookty01,NA,6-8,80
cooleja01,NA,6-10,82
coopesh01,48,6-0,72
copelch01,NA,6-9,81
corbity01,35,6-6,78
cornepe01,53,6-11,83
costema01,NA,6-10,82
cottobr01,NA,6-1,73
cottoja02,33,6-5,77
coulibi01,7,6-7,79
councri01,NA,6-6,78
courtjo01,NA,6-8,80
couside01,5,6-10,82
cousima01,NA,6-11,83
covinro01,NA,6-7,79
cowarce01,11,6-5,77
crabbal01,31,6-5,77
craigto01,NA,6-5,77
crawfch01,51,6-9,81
crawfis01,NA,6-6,78
crawfja01,8,6-5,77
crawfjo01,58,6-5,77
crawfjo02,27,6-4,76
creekmi01,NA,6-6,78
crispjo01,NA,6-0,72
crittja01,19,6-5,77
croshau01,12,6-9,81
crottjo01,NA,6-1,73
crowdja01,34,6-6,78
crutcja01,NA,6-1,73
cuiyo01,NA,6-5,77
culveja01,6,6-6,78
cumbeja01,NA,6-5,77
cummite01,2,6-9,81
cummivo01,26,6-3,75
cunnica01,1,6-6,78
cunnida01,33,6-8,80
cunnija01,24,6-4,76
cunniwi01,NA,6-11,83
curetea01,58,6-9,81
curlebi01,22,6-9,81
curryde01,15,6-4,76
curryed01,4,7-0,84
curryja01,51,6-3,75
currymi01,NA,6-5,77
curryse01,NA,6-1,73
curryst01,7,6-2,74
dadiepa01,25,6-9,81
dalemsa01,26,6-11,83
dampier01,10,6-11,83
daniean01,4,6-4,76
daniedy01,8,6-7,79
danieer01,NA,6-8,80
daniell01,NA,6-7,79
daniema01,NA,6-6,78
danietr01,NA,6-4,76
danilsa01,43,6-5,77
dareyi01,14,7-0,84
darlina01,NA,6-5,77
dasiltr01,18,6-8,80
datomlu01,NA,6-8,80
davidje01,36,6-10,82
davidko01,NA,6-9,81
daviebr01,NA,6-10,82
davisan01,45,6-9,81
davisan02,1,6-10,82
davisba01,3,6-3,75
davisbe01,43,6-9,81
davisda01,13,6-11,83
davisde01,31,6-9,81
davised01,13,6-9,81
davisem01,NA,6-4,76
davisgl01,35,6-9,81
davishu01,20,6-5,77
davisjd01,53,6-1,73
davisjo02,NA,6-8,80
davisjo06,10,6-4,76
davisma02,48,6-7,79
davispa01,34,6-11,83
davisri01,21,6-6,78
daviste01,NA,6-9,81
daviste02,NA,6-4,76
davisty01,NA,6-10,82
dawkian01,NA,6-5,77
dawsobr01,56,6-6,78
dawsoer01,NA,6-9,81
dayeau01,15,6-11,83
daysda01,NA,6-7,79
dayto01,8,6-6,78
deckga01,NA,6-6,78
declean01,34,6-10,82
decolna01,53,6-5,77
dedmode01,NA,6-10,82
deherte01,13,6-2,74
dejeabr01,NA,6-6,78
dekkesa01,18,6-9,81
delanma01,NA,6-3,75
delauja01,NA,6-10,82
delebi01,10,6-11,83
delfica01,25,6-6,78
delgaan01,NA,6-10,82
delkto01,16,6-1,73
dellama01,NA,6-3,75
delnevi01,29,6-4,76
demineg01,8,6-8,80
dempsde01,NA,6-3,75
denglu01,7,6-9,81
dennide01,NA,6-5,77
dennira01,NA,6-1,73
dentmju01,NA,5-11,71
derozde01,9,6-6,78
derrima01,NA,6-7,79
diabamo01,43,6-10,82
diakima01,NA,6-9,81
dialde01,52,6-4,76
diallch01,33,6-8,80
diallha01,45,6-5,77
diawamo01,51,6-9,81
diawaya01,NA,6-7,79
diawbo01,21,6-8,80
diazgu01,52,6-2,74
dickada01,28,6-0,72
dickeka01,50,6-8,80
dickemi01,14,6-5,77
dickgr01,13,6-7,79
dickihu01,NA,7-1,85
dienetr01,38,6-1,73
dienggo01,21,6-10,82
diengou01,11,6-9,81
dilliro01,8,6-2,74
dinwisp01,38,6-5,77
dioguik01,9,6-8,80
diopde01,8,7-0,84
divacvl01,26,7-1,85
divindo01,17,6-4,76
dixonju01,17,6-3,75
djordal01,NA,6-2,74
doleami01,12,6-11,83
doncilu01,3,6-8,80
doolike01,10,6-3,75
dorsejo01,33,6-8,80
dorsety01,41,6-4,76
dortlu01,NA,6-4,76
dosunay01,38,6-4,76
dotsoda01,44,6-5,77
dotsode01,NA,6-1,73
doubyqu01,19,6-3,75
douglch01,40,6-7,79
douglsh01,28,6-0,72
douglto01,29,6-2,74
doumbse01,15,6-8,80
dowdeza01,NA,6-3,75
dowtije01,NA,6-3,75
doylemi01,NA,6-4,76
doziepj01,NA,6-6,78
dragigo01,45,6-4,76
dragizo01,NA,6-5,77
dreilgr01,26,7-1,85
drellhe01,NA,6-8,80
drewbr01,16,6-2,74
drewla02,NA,6-2,74
drexlcl01,14,6-7,79
driggna01,NA,6-5,77
drobnpr01,49,6-11,83
drumman01,9,6-11,83
duartch01,13,6-5,77
ducasal01,NA,6-7,79
duckwke01,33,7-0,84
dudlech02,75,6-11,83
dudleja01,22,6-6,78
duhonch01,38,6-1,73
dukandu01,NA,6-9,81
dukeda01,NA,6-4,76
dumarjo01,18,6-3,75
dumasto01,19,6-6,78
duncati01,1,6-11,83
dunlemi02,3,6-9,81
dunnkr01,5,6-3,75
dunnry01,28,6-7,79
duprero01,NA,6-7,79
duranke01,2,6-11,83
durenja01,13,6-10,82
duvaltr01,NA,6-2,74
dysonje01,NA,6-3,75
eacklle01,36,6-5,77
earlac01,19,6-10,82
earlycl01,34,6-8,80
easonta01,17,6-8,80
ebankde01,43,6-9,81
ebind01,26,6-9,81
echenja01,NA,6-11,83
eddieja01,NA,6-7,79
edeyza01,9,7-3,87
edgecvj01,3,6-4,76
edneyty01,47,5-10,70
edwaran01,1,6-4,76
edwarbl01,21,6-4,76
edwarca01,33,5-11,71
edwarco01,58,6-9,81
edwarje01,NA,7-0,84
edwarjo01,NA,7-0,84
edwarju01,NA,6-7,79
edwarke01,20,6-3,75
edwarke02,44,6-8,80
edwarro01,NA,6-5,77
edwarsh01,NA,6-7,79
edwarvi01,52,6-8,80
ehlocr01,48,6-6,78
eisleho01,30,6-2,74
ekeziob01,37,6-9,81
elamikh01,34,5-10,70
eliema01,160,6-5,77
ellebcj01,46,6-6,78
ellenhe01,18,6-10,82
ellinwa01,28,6-4,76
elliose01,3,6-8,80
ellisda01,9,6-7,79
ellisha01,NA,6-5,77
elliske01,NA,6-4,76
ellisla01,5,6-8,80
ellismo01,40,6-3,75
ellispe01,1,6-9,81
elsonfr01,41,7-0,84
elyme01,12,6-10,82
embiijo01,3,7-0,84
emmetan01,35,6-5,77
engliki01,44,6-6,78
ennisja01,50,6-6,78
ennisty01,18,6-3,75
erdense01,60,7-0,84
eschmev01,34,6-11,83
etienty01,NA,6-0,72
eubandr01,NA,6-10,82
evansbr01,27,6-8,80
evansja01,39,6-0,72
evansja02,28,6-4,76
evansje01,55,6-9,81
evansma01,NA,6-5,77
evansre01,NA,6-8,80
evansty01,4,6-6,78
evbuoto01,NA,6-8,80
ewingda01,32,6-3,75
ewingpa01,1,7-0,84
ewingpa02,43,6-8,80
exumda01,5,6-5,77
eyengch01,30,6-5,77
ezelife01,30,6-11,83
fallta01,NA,7-6,90
farieke01,22,6-8,80
farmajo01,26,6-2,74
farmede01,NA,6-5,77
farmeto01,NA,6-9,81
favervi01,NA,6-11,83
favorde01,3,6-9,81
fazekni01,34,6-11,83
fearsje01,7,6-3,75
feickja01,48,6-8,80
feldeka01,54,5-9,69
feliccr01,NA,6-11,83
felixca01,33,6-6,78
felixno01,NA,6-9,81
feltora01,5,6-1,73
fergude01,NA,6-7,79
fergute01,21,6-6,78
fernabr01,34,6-9,81
fernaru01,24,6-6,78
ferredu01,NA,6-7,79
ferreyo01,NA,6-0,72
ferryda01,2,6-10,82
fesenky01,38,7-1,85
fieldla01,39,6-7,79
filipky01,32,6-11,83
finlemi01,21,6-7,79
finnedo01,NA,6-7,79
fishede01,24,6-1,73
fishma01,50,6-11,83
fitchge01,NA,6-3,75
fittsma01,NA,6-5,77
fizerma01,4,6-9,81
flaggco01,1,6-9,81
flaglad01,NA,6-1,73
flemira01,31,6-9,81
florelu01,55,6-2,74
flowetr01,NA,6-9,81
flynnjo01,6,6-0,72
flynnma01,29,6-1,73
fontais01,NA,6-4,76
fontesi01,NA,6-7,79
footeje01,NA,7-0,84
forbebr01,NA,6-2,74
forbega01,NA,6-7,79
fordal02,51,6-9,81
fordal03,NA,6-8,80
fordjo01,NA,6-1,73
fordsh02,NA,6-9,81
fordtj01,8,6-0,72
forretr01,NA,6-4,76
fortejo01,21,6-4,76
fortsco01,NA,5-11,71
fortsda01,10,6-7,79
fostegr01,35,6-11,83
fosteje01,21,6-11,83
fostemi02,NA,6-8,80
fotsian01,48,6-10,82
fournev01,20,6-6,78
fowlktr01,54,6-8,80
foxde01,5,6-3,75
foxri01,24,6-7,79
foyera01,7,6-4,76
foylead01,8,6-10,82
frahmri01,NA,6-5,77
francst01,2,6-3,75
frankja01,41,6-5,77
frankro01,NA,6-7,79
frazime01,35,6-6,78
frazimi01,NA,6-3,75
fraziti01,NA,6-1,73
fredeji01,10,6-2,74
freeljo01,30,6-10,82
freemen01,50,6-9,81
freemja01,NA,6-3,75
freijma01,53,6-10,82
fryech01,8,7-0,84
fudgeal01,NA,6-8,80
fullehi01,NA,6-9,81
fulleto02,11,6-11,83
fultzma01,1,6-4,76
fundela01,51,6-9,81
funkan01,NA,6-5,77
furphjo01,35,6-8,80
gabriwe01,NA,6-9,81
gadzuda01,34,6-11,83
gaffoda01,38,6-10,82
gaide01,NA,6-9,81
gainere01,15,6-6,78
gainesu01,NA,6-1,73
gallida01,6,6-10,82
gallola01,NA,6-1,73
gamblke01,63,6-5,77
garbajo01,NA,6-9,81
garceru01,NA,6-9,81
garcial01,NA,6-3,75
garcifr01,23,6-7,79
gardnmy01,NA,6-5,77
gardnth01,NA,6-5,77
garinpa01,NA,6-6,78
garlada01,5,6-1,73
garnech01,NA,5-10,70
garneke01,5,6-11,83
garnema01,NA,6-2,74
garrebi01,NA,6-6,78
garrede01,38,6-11,83
garredi02,NA,6-4,76
garrema01,NA,6-5,77
garriki01,NA,6-2,74
garripa01,19,6-9,81
garubus01,23,6-8,80
garzalu01,52,6-10,82
gasolma01,48,6-11,83
gasolpa01,3,7-0,84
gateska01,NA,6-8,80
gatlich01,16,6-10,82
gayru01,8,6-8,80
gazean01,NA,6-7,79
gbinimi01,49,6-7,79
gearyre01,56,6-2,74
geeal01,NA,6-6,78
geigema01,42,7-0,84
gelabmi01,48,6-7,79
georgde01,23,6-8,80
georgke01,16,6-4,76
georgky01,24,6-8,80
georgma01,NA,6-5,77
georgpa01,10,6-8,80
gibsoda01,42,6-2,74
gibsojo01,NA,6-2,74
gibsota01,26,6-9,81
giddejo01,6,6-7,79
giddejr01,30,6-5,77
gildetr01,NA,6-9,81
gilesha01,20,6-10,82
gilgesh01,11,6-6,78
gillan01,NA,6-7,79
gilleco01,NA,6-1,73
gilled01,NA,6-0,72
gillefr01,NA,6-9,81
gilliar01,2,6-9,81
gillke01,5,6-5,77
gilyaja01,NA,5-8,68
ginobma01,57,6-6,78
giricgo01,40,6-6,78
gladnmi01,NA,6-11,83
glovedi01,20,6-5,77
glynian01,58,7-1,85
goberru01,27,7-1,85
goldwan01,52,6-1,73
gomesry01,50,6-7,79
gonzahu01,28,6-6,78
goodedr01,4,6-10,82
goodrst01,NA,6-10,82
goodwar01,29,6-5,77
goodwbr01,NA,6-0,72
goodwjo01,NA,6-3,75
gordoaa01,4,6-8,80
gordobe01,3,6-3,75
gordodr01,NA,6-9,81
gordoer01,7,6-3,75
gortama01,57,6-11,83
gortmja01,NA,6-2,74
goudean01,46,6-3,75
grahade01,34,6-1,73
grahagr01,17,6-4,76
grahajo01,16,6-7,79
grahast01,NA,6-6,78
grahatr01,NA,6-5,77
grangda01,17,6-9,81
grantbr01,8,6-9,81
grantdo01,NA,6-8,80
grantga01,15,6-3,75
grantha01,12,6-8,80
grantho01,10,6-10,82
grantje01,39,6-7,79
grantje02,19,6-4,76
grantpa01,20,7-0,84
graveha01,NA,6-2,74
grayaa01,49,7-0,84
grayde01,NA,6-7,79
grayed01,22,6-3,75
grayeje01,13,6-5,77
grayev01,NA,6-7,79
grayjo01,NA,6-0,72
grayra01,59,6-7,79
greenac01,23,6-9,81
greenaj01,NA,6-4,76
greenda02,46,6-6,78
greende01,NA,6-7,79
greendo01,28,6-11,83
greendr01,35,6-6,78
greener01,46,6-4,76
greenge01,18,6-6,78
greenja01,NA,6-9,81
greenja02,NA,6-5,77
greenja05,2,6-4,76
greenje02,5,6-8,80
greenjo02,18,6-6,78
greenli01,39,6-1,73
greenor01,53,6-4,76
greenta01,52,6-0,72
greenwi01,41,6-4,76
greerly01,NA,6-2,74
griffad01,NA,6-5,77
griffaj01,16,6-6,78
griffbl01,1,6-9,81
griffed01,7,6-10,82
griffta01,48,6-7,79
grimequ01,25,6-4,76
grimmde01,NA,6-9,81
grundan01,NA,6-3,75
gudurma01,NA,6-6,78
gueyemo01,NA,6-9,81
gueyemo02,39,6-11,83
guglito01,6,6-10,82
gutiejo01,NA,6-3,75
guyky01,55,6-1,73
guytoaj01,32,6-1,73
hachiru01,9,6-8,80
haddaha01,NA,7-2,86
haganas01,NA,6-3,75
hairsma01,48,6-6,78
hairspj02,26,6-6,78
haislma01,13,6-10,82
haleyja01,79,6-10,82
halibty01,12,6-5,77
hallde01,53,6-2,74
halldo01,NA,6-10,82
halljo01,NA,6-9,81
halljo02,NA,6-7,79
hallmi01,NA,6-8,80
hallpj01,NA,6-8,80
hallty01,NA,6-5,77
hamda01,NA,6-7,79
hamerst01,38,7-0,84
hamilda02,56,6-7,79
hamiljo02,26,6-7,79
hamilju01,45,7-0,84
hamilri01,7,6-7,79
hamilta01,NA,6-8,80
hamilth01,NA,7-2,86
hamilze01,NA,6-11,83
hammoaj01,46,7-0,84
hammoto01,9,6-9,81
hamptrj01,24,6-4,76
hancoda01,38,6-7,79
handlbe01,NA,6-10,82
hannadu01,NA,6-4,76
hansbbe01,NA,6-3,75
hansbty01,13,6-9,81
hansetr01,37,6-6,78
hansore01,NA,6-8,80
haranlu01,52,6-8,80
hardaan01,3,6-7,79
hardati01,14,6-0,72
hardati02,24,6-5,77
hardeja01,3,6-5,77
hardyja02,37,6-3,75
harklej01,NA,6-3,75
harklma01,15,6-7,79
harpede01,11,6-4,76
harpedy01,2,6-5,77
harpeja01,NA,5-10,70
harpeju01,32,6-10,82
harpero01,8,6-6,78
harpero02,NA,6-5,77
harprma01,15,6-7,79
harrejo01,45,6-10,82
harremo01,32,6-7,79
harriaa01,NA,6-6,78
harriad01,NA,6-5,77
harrial01,25,6-9,81
harrian01,44,6-6,78
harrida01,29,7-0,84
harride01,5,6-3,75
harriel01,NA,6-8,80
harriga01,19,6-4,76
harrija01,59,6-5,77
harrijo01,33,6-6,78
harriju01,NA,6-4,76
harrike01,NA,6-5,77
harrilu01,28,6-5,77
harrima01,NA,6-5,77
harrimi01,NA,6-6,78
harriot01,30,6-9,81
harrish01,NA,6-4,76
harrite01,NA,6-5,77
harrito02,19,6-8,80
harteis01,43,7-0,84
hartja01,49,6-3,75
hartjo01,30,6-5,77
harvean01,NA,6-11,83
harvedo01,22,6-8,80
hasleud01,NA,6-8,80
hassetr01,30,6-5,77
hastoki01,16,6-9,81
hausesa01,NA,6-7,79
hawessp01,10,7-1,85
hawkihe01,6,6-3,75
hawkijo01,14,6-5,77
hawkiju01,NA,6-7,79
hawkimi01,NA,6-0,72
hayesch01,NA,6-6,78
hayesja01,10,6-7,79
hayesja02,8,7-0,84
hayeski01,7,6-4,76
hayesni01,NA,6-7,79
haywago01,9,6-7,79
haywala01,30,6-6,78
haywobr01,20,7-0,84
headlu01,24,6-3,75
healsh01,NA,6-0,72
hearnre01,NA,6-5,77
hendeal01,16,6-9,81
hendece02,45,6-7,79
hendege02,12,6-5,77
hendejr01,56,6-8,80
hendesc01,3,6-3,75
hendrma01,31,6-9,81
hendrta01,9,6-9,81
henryaa01,NA,6-5,77
henrymy01,NA,6-6,78
henryxa01,12,6-6,78
hensojo01,14,6-9,81
hensost01,44,5-11,71
hernade01,59,6-10,82
hernaju01,15,6-9,81
hernawi01,35,6-11,83
herreca01,30,6-9,81
herrech01,33,6-2,74
herrmwa01,NA,6-9,81
herroty01,13,6-5,77
herveke01,57,6-8,80
hezonma01,5,6-8,80
hibbero01,17,7-2,86
hicksis01,NA,6-9,81
hicksjj01,19,6-9,81
hieldbu01,6,6-4,76
higgico01,NA,6-5,77
higgise01,54,6-9,81
highsha01,NA,6-5,77
hilarne01,7,6-11,83
hillge01,26,6-4,76
hillgr01,3,6-8,80
hillida01,38,6-6,78
hilljo01,8,6-10,82
hillma01,NA,6-6,78
hillso01,23,6-6,78
hillst01,NA,7-0,84
hillty01,11,6-9,81
hinriki01,7,6-4,76
hintona01,NA,6-5,77
hitero01,NA,6-2,74
hoardja01,NA,6-8,80
hobsoda01,37,6-7,79
hodgedm01,NA,6-3,75
hodgeju01,20,6-7,79
hoibefr01,52,6-4,76
holcora01,57,6-9,81
holidaa01,23,6-0,72
holidjr01,17,6-4,76
holidju01,NA,6-6,78
hollajo02,NA,6-5,77
hollaro01,5,6-8,80
holliro01,23,6-6,78
holliry01,50,7-0,84
holmeda01,22,6-9,81
holmeri01,37,6-9,81
holmgch01,2,7-1,85
honeyje01,39,6-9,81
honeyty01,35,6-8,80
hoodde01,NA,6-8,80
hoodro01,23,6-8,80
hoodsja01,17,6-5,77
hopsosc01,NA,6-7,79
horfoal01,3,6-8,80
hornaje01,46,6-4,76
hornede01,NA,6-9,81
horryro01,11,6-10,82
hortota01,46,6-4,76
houseda01,NA,6-6,78
houseed01,37,6-1,73
houstal01,11,6-6,78
houstca01,32,6-8,80
howardw01,1,6-10,82
howarje01,11,6-8,80
howarjo01,29,6-7,79
howarju01,5,6-9,81
howarma02,NA,5-10,70
howarst01,NA,6-9,81
howarwi01,NA,6-8,80
hudgitr01,NA,6-0,72
hudsole01,58,6-3,75
hudsotr01,NA,6-1,73
huertke01,19,6-6,78
huertma01,NA,6-3,75
huestjo01,29,6-7,79
huffja01,NA,7-1,85
huffmna01,NA,7-1,85
hugheel01,39,6-5,77
hughela01,8,6-5,77
hugheri02,NA,6-9,81
hukpoar01,58,7-0,84
hummero01,58,6-8,80
humphis01,NA,7-0,84
humphkr01,14,6-9,81
humphry01,19,6-8,80
huntebr01,56,6-7,79
huntech01,NA,6-11,83
huntede01,4,6-7,79
hunteli01,10,6-2,74
hunteot01,NA,6-8,80
hunterj01,28,6-5,77
huntest01,15,7-0,84
huntevi01,NA,6-8,80
huntfe01,NA,6-8,80
hurlebo01,7,6-0,72
hurtma01,NA,6-9,81
hutchch01,22,6-6,78
hylanbo01,26,6-2,74
ibakase01,24,6-11,83
ighodos01,40,6-11,83
iguodan01,9,6-6,78
ilgauzy01,20,7-3,87
ilicmi01,43,7-1,85
ilyaser01,36,6-9,81
inglejo01,NA,6-8,80
inglida01,31,6-8,80
ingraan01,NA,6-3,75
ingrabr01,2,6-8,80
ingraha01,48,6-5,77
irvinky01,1,6-2,74
isaacjo01,6,6-10,82
iversal01,1,6-0,72
iveyja01,5,6-3,75
iveyro01,37,6-3,75
iwundwe01,33,6-6,78
jackja01,22,6-3,75
jacksaa01,NA,6-3,75
jacksan01,36,6-6,78
jacksbo01,23,6-1,73
jacksce01,NA,6-3,75
jacksda01,52,6-9,81
jacksde01,45,6-1,73
jacksfr01,31,6-3,75
jacksgg01,45,6-9,81
jacksis01,22,6-8,80
jacksja01,NA,6-4,76
jacksja02,4,6-10,82
jacksje01,NA,6-4,76
jacksji01,4,6-6,78
jacksjo02,4,6-8,80
jacksju01,15,6-8,80
jackslu02,10,6-7,79
jacksma01,18,6-3,75
jacksma02,38,6-10,82
jackspi01,42,5-10,70
jacksqu01,NA,6-4,76
jacksra02,NA,6-11,83
jacksre01,24,6-2,74
jacksst02,43,6-8,80
jackstr02,57,6-9,81
jacobca01,22,6-6,78
jacobsa01,26,6-4,76
jamesbe01,33,6-10,82
jamesbr02,55,6-2,74
jamesda01,24,6-7,79
jameshe01,NA,6-8,80
jamesje01,36,7-1,85
jamesju01,40,6-6,78
jamesle01,1,6-9,81
jamesmi01,NA,6-2,74
jamesmi02,NA,6-1,73
jamessi01,33,6-5,77
jamesti01,25,6-7,79
jamisan01,4,6-9,81
jamisha01,NA,6-8,80
jaqueja01,18,6-6,78
jaricma01,30,6-7,79
jarrede01,NA,6-5,77
jasiksa01,NA,6-4,76
jawaina01,41,6-10,82
jeffeal01,15,6-10,82
jeffeam01,NA,6-9,81
jeffech01,27,6-8,80
jeffeco01,60,6-9,81
jeffedo01,NA,6-5,77
jeffeot01,NA,6-5,77
jefferi01,13,6-7,79
jeffrda01,NA,6-5,77
jeffrja01,11,6-11,83
jemistr01,NA,6-10,82
jenkich01,44,6-3,75
jenkida01,NA,6-4,76
jenkiho01,NA,6-1,73
jenkijo01,23,6-4,76
jennibr01,10,6-1,73
jentch01,NA,6-7,79
jerebjo01,39,6-10,82
jeromty01,24,6-5,77
jerregr01,40,6-10,82
jetereu01,NA,5-11,71
jianlyi01,6,7-0,84
joeis01,49,6-4,76
johnsaj01,23,6-5,77
johnsal01,45,6-9,81
johnsal02,50,6-9,81
johnsam01,56,6-9,81
johnsan02,40,6-3,75
johnsar02,34,6-3,75
johnsav01,NA,5-10,70
johnsbj01,NA,6-7,79
johnsbr01,NA,6-10,82
johnsbr02,25,6-10,82
johnsca01,NA,5-10,70
johnsca02,11,6-8,80
johnsch03,NA,6-11,83
johnsch04,NA,6-6,78
johnsda03,55,6-2,74
johnsda04,48,7-0,84
johnsda08,47,6-4,76
johnsde02,38,6-9,81
johnsde03,6,6-9,81
johnsed03,29,6-7,79
johnser02,23,6-11,83
johnsiv01,NA,6-8,80
johnsja01,16,6-7,79
johnsja02,27,6-10,82
johnsja05,20,6-8,80
johnsjo02,10,6-7,79
johnske02,7,6-1,73
johnske03,49,6-11,83
johnske04,29,6-6,78
johnske07,21,6-5,77
johnske08,50,6-4,76
johnske10,NA,6-6,78
johnsla02,1,6-7,79
johnsli01,NA,6-8,80
johnsni01,42,6-3,75
johnsom01,NA,6-9,81
johnsor01,36,6-5,77
johnsst04,8,6-6,78
johnstr01,NA,6-5,77
johnstr03,6,6-5,77
johnsty01,NA,6-3,75
johnswe01,4,6-7,79
jokicni01,41,6-11,83
jonesal01,57,6-11,83
jonesbo02,37,6-7,79
jonesca03,NA,6-0,72
jonesch01,165,6-9,81
jonesch03,NA,6-3,75
jonesco02,34,6-6,78
jonesda01,NA,6-3,75
jonesda02,20,6-6,78
jonesda03,30,6-10,82
jonesda06,NA,6-4,76
jonesde01,NA,6-8,80
jonesde02,NA,6-6,78
jonesdi01,26,6-5,77
jonesdo01,21,6-8,80
jonesdo02,25,6-4,76
jonesdw02,NA,6-11,83
jonesed02,10,6-6,78
jonesfr01,14,6-4,76
joneshe01,35,6-7,79
jonesis01,NA,6-8,80
jonesja02,49,6-8,80
jonesja04,NA,6-7,79
jonesje01,NA,6-5,77
jonesju01,27,6-8,80
joneska01,19,6-11,83
joneske01,NA,6-8,80
jonesma03,NA,6-6,78
jonesma05,NA,6-4,76
jonespe01,28,6-11,83
jonespo01,41,6-8,80
jonesso01,33,6-10,82
jonessp01,NA,6-7,79
joneste01,18,6-9,81
jonestr01,41,6-1,73
jonesty01,24,6-0,72
jordaad01,42,5-11,71
jordade01,35,6-11,83
jordaje01,44,7-0,84
jordami01,3,6-6,78
jordare01,NA,6-4,76
josepco01,29,6-2,74
josepga01,NA,7-2,86
josepkr01,51,6-7,79
jovicni01,27,6-10,82
juzanjo01,NA,6-7,79
kabenmf01,27,6-10,82
kalaige01,60,6-8,80
kalkbry01,34,7-1,85
kamanch01,6,7-0,84
kaminfr01,9,7-0,84
kanteen01,3,6-10,82
kaponja01,31,6-8,80
karasse01,19,6-7,79
karlco01,NA,6-5,77
kasunma01,41,7-1,85
kaunsa01,56,6-11,83
kawamyu01,NA,5-7,67
keefead01,10,6-9,81
keelstr01,42,6-3,75
kelleky01,NA,7-0,84
kellymi02,NA,6-4,76
kellyry01,48,6-11,83
kempsh01,17,6-10,82
kemptti01,124,6-10,82
kennalu01,12,6-5,77
kennedj01,NA,6-6,78
kernejo01,NA,6-11,83
kerrst01,50,6-3,75
kerseje01,46,6-7,79
kesslwa01,22,7-2,86
ketnela01,49,6-9,81
keybr01,NA,6-7,79
khryavi01,22,6-9,81
kiddgmi01,2,6-6,78
kiddja01,2,6-4,76
kiddst01,NA,6-6,78
kilpase01,NA,6-4,76
kingch01,45,6-8,80
kingfr01,37,6-1,73
kingge02,NA,6-9,81
kingge03,59,6-6,78
kingji02,35,6-5,77
kinglo02,NA,6-7,79
kingst01,6,6-11,83
kinseta01,NA,6-6,78
kirilan01,24,6-9,81
kirkal01,NA,7-0,84
kispeco01,15,6-6,78
kittlke01,8,6-5,77
klebima01,NA,6-10,82
kleinjo01,6,6-11,83
kleizli01,27,6-8,80
klintbo01,37,6-9,81
knechda01,17,6-6,78
knighbr01,16,5-10,70
knighbr02,NA,6-0,72
knighbr03,8,6-2,74
knighna01,NA,6-8,80
knighne01,31,6-1,73
knightr01,29,7-0,84
knoxke01,9,6-8,80
knuepko01,4,6-6,78
kolekty01,34,6-2,74
kolokch01,33,6-11,83
konanya01,30,6-11,83
konchjo01,NA,6-5,77
korkmfu01,26,6-7,79
kornelu01,NA,7-1,85
korolya01,12,6-9,81
korveky01,51,6-7,79
koufoko01,23,7-0,84
kravtvi01,NA,7-0,84
krejcvi01,37,6-8,80
krstine01,24,7-0,84
krystla01,28,6-9,81
kukocto01,29,6-10,82
kulboar01,55,6-10,82
kuminjo01,7,6-7,79
kurucro01,40,6-9,81
kurzro01,NA,6-9,81
kutluib01,NA,6-6,78
kuzmaky01,27,6-8,80
kuzmimi01,NA,6-9,81
kuzmiog01,52,7-1,85
labissk01,28,6-10,82
laettch01,3,6-11,83
lafayol01,NA,6-2,74
lafrera01,3,6-11,83
lamban01,NA,6-6,78
lambdo01,42,6-4,76
lambje01,12,6-5,77
lampema01,30,6-11,83
lamplse01,45,6-7,79
landajo01,NA,6-11,83
landrca01,31,6-9,81
landrma01,NA,6-7,79
langan01,28,6-11,83
langan02,29,6-8,80
langdtr01,11,6-3,75
langfke01,NA,6-4,76
langfro01,14,6-5,77
langhda01,31,6-11,83
langja01,48,6-10,82
laniech01,37,6-3,75
laproni01,NA,6-4,76
laravja01,19,6-7,79
larkish01,18,5-11,71
larsspe01,44,6-5,77
larueru01,NA,6-2,74
lasmest01,46,6-8,80
laudepr01,28,7-4,88
lauvejo01,55,6-11,83
lavinza01,13,6-5,77
lawac01,11,6-3,75
lawalga01,46,6-9,81
lawsoaj01,NA,6-6,78
lawsoja01,42,6-11,83
lawsoty01,18,5-11,71
lawvi01,NA,6-7,79
laymaja01,47,6-8,80
leaftj01,18,6-10,82
leckner01,17,6-11,83
lecquja01,NA,6-4,76
ledori01,43,6-7,79
leeco01,22,6-5,77
leeda02,30,6-9,81
leeda03,NA,6-6,78
leema01,43,6-5,77
leesa01,38,6-2,74
legleti01,NA,6-4,76
lemonwa01,NA,6-3,75
lenal01,5,7-0,84
lenarvo01,46,6-4,76
leonaka01,15,6-6,78
leoname01,11,7-0,84
leonsma01,NA,6-9,81
leslitr01,47,6-4,76
leuerjo01,40,6-10,82
leverca01,20,6-7,79
lewiski01,13,6-1,73
lewisma01,50,6-5,77
lewisma05,40,6-7,79
lewisqu01,19,6-7,79
lewisra02,32,6-10,82
lewissc01,56,6-4,76
liddeej01,41,6-6,78
liggide01,53,6-6,78
lillada01,6,6-2,74
linje01,NA,6-3,75
listeal01,21,7-0,84
littlna01,25,6-6,78
livelde01,12,7-1,85
liveris01,42,6-6,78
livinch01,58,6-6,78
livinra01,42,6-4,76
livinsh01,4,6-7,79
llamaho01,NA,6-11,83
loftoke01,NA,6-6,78
loftoza01,NA,6-4,76
lohaubr01,45,6-11,83
longar01,NA,6-9,81
longgr01,33,6-8,80
longjo01,29,6-5,77
longllu01,7,7-2,86
longsh01,NA,6-9,81
looneke01,30,6-9,81
lopezbr01,10,7-1,85
lopezfe01,24,6-5,77
lopezra01,24,6-1,73
lopezro01,15,7-1,85
louzama01,35,6-5,77
loveca01,NA,6-3,75
loveke01,5,6-10,82
lowryky01,24,6-0,72
loydjo01,NA,6-4,76
lucasjo02,NA,5-11,71
lucaska01,NA,6-1,73
luety01,23,6-0,72
lundbga01,NA,6-4,76
lundyse01,46,6-4,76
luwawti01,24,6-7,79
lydonty01,24,6-10,82
lylestr01,12,6-9,81
lynchge01,12,6-8,80
maccuto01,47,7-0,84
machasc01,NA,6-1,73
macijar01,NA,6-4,76
macklve01,52,6-10,82
macksa01,NA,6-7,79
macksh01,34,6-3,75
macledo01,19,6-10,82
maconda01,NA,6-2,74
maconma01,8,6-5,77
macurjp01,NA,6-4,76
maddoti01,38,6-4,76
madkige01,NA,6-4,76
madsema01,29,6-9,81
magetjo01,NA,6-1,73
maggeco01,13,6-6,78
magloja01,19,6-11,83
magnawi01,NA,6-10,82
mahinia01,28,6-11,83
mahorri01,35,6-10,82
majerda01,14,6-6,78
majorre01,NA,6-7,79
makerth01,10,7-0,84
maledth01,34,6-4,76
malonka01,13,6-9,81
malonma01,NA,6-3,75
maluakh01,10,7-1,85
mamuksa01,54,6-9,81
maneka01,NA,6-3,75
mannida01,1,6-10,82
mannini01,48,6-2,74
manniri01,40,6-11,83
mannte01,48,6-6,78
manntr01,18,6-4,76
manonch01,NA,6-4,76
marblde01,56,6-6,78
marbust01,4,6-2,74
marcisa01,127,6-5,77
mariosh01,9,6-7,79
marjabo01,NA,7-4,88
markkla01,7,7-1,85
markoda01,59,6-10,82
marksse01,44,6-10,82
marshdo01,4,6-9,81
marshdo02,39,6-7,79
marshke01,13,6-4,76
marshna01,NA,6-6,78
marshra01,NA,6-9,81
martica01,NA,6-7,79
martica02,NA,6-5,77
martico01,36,6-6,78
marticu01,57,6-5,77
martida01,NA,5-11,71
martija01,25,6-10,82
martija02,NA,6-6,78
martije02,NA,6-2,74
martike01,1,6-9,81
martike02,26,6-7,79
martike03,NA,6-5,77
martike04,52,6-6,78
martity01,51,6-6,78
mashaja01,59,6-4,76
mashbja01,4,6-8,80
masonan01,53,6-8,80
masonde01,17,6-5,77
masonfr01,34,5-11,71
masonro01,31,6-5,77
masseto01,43,6-9,81
matenya01,NA,6-7,79
mathega01,NA,6-5,77
mathida01,NA,6-4,76
mathima01,NA,6-10,82
mathube01,6,6-5,77
matkoka01,52,6-10,82
matthwe02,NA,6-5,77
maxeyty01,21,6-2,74
maxieja01,26,6-7,79
maxweve01,47,6-4,76
maybele01,23,6-1,73
maynoer01,20,6-3,75
mayooj01,3,6-5,77
mayse01,13,6-9,81
mayssk01,50,6-4,76
mbahalu01,37,6-8,80
mbengdj01,NA,7-0,84
mcadoja01,NA,6-9,81
mcbrimi01,36,6-2,74
mccaija01,16,6-3,75
mccalra01,36,6-3,75
mccalta01,NA,6-5,77
mccanbo01,32,6-6,78
mccanra01,14,6-4,76
mccarke01,NA,6-7,79
mccarwa01,19,6-10,82
mccasam01,49,6-11,83
mccawpa01,38,6-7,79
mcclesh01,NA,6-6,78
mcclida01,53,7-0,84
mccloge01,7,6-8,80
mccluma01,NA,6-2,74
mccolcj01,10,6-3,75
mccontj01,NA,6-1,73
mccoyje01,33,6-10,82
mccrach01,NA,6-5,77
mccreer01,NA,6-8,80
mcculch01,29,6-11,83
mcculke01,56,6-6,78
mcdanja01,52,6-9,81
mcdanja02,28,6-9,81
mcdankj01,32,6-6,78
mcdanxa01,4,6-7,79
mcderdo01,11,6-7,79
mcderse01,NA,6-6,78
mcdonmi01,55,6-10,82
mcdyean01,2,6-9,81
mcfariv01,NA,6-8,80
mcgarmi01,21,6-10,82
mcgeeja01,18,7-0,84
mcgowbr01,40,6-6,78
mcgratr01,9,6-8,80
mcgrica01,NA,6-7,79
mcgruro01,NA,6-4,76
mcguido01,47,6-9,81
mcilvji01,32,7-1,85
mcinnje01,37,6-4,76
mckeyde01,9,6-10,82
mckieaa01,17,6-5,77
mckinal01,NA,6-7,79
mckintr01,NA,6-5,77
mclauja01,NA,6-4,76
mclaujo01,NA,5-11,71
mclembe01,7,6-3,75
mcleoke01,NA,6-2,74
mcleoro01,20,6-8,80
mcmilna01,30,6-5,77
mcneaje01,NA,6-3,75
mcneeli01,29,6-7,79
mcphepa01,NA,6-4,76
mcraejo01,58,6-5,77
mcrobjo01,37,6-10,82
mcveija01,NA,6-8,80
medvest01,NA,6-10,82
meeksjo01,41,6-4,76
mejrisa01,NA,7-2,86
mekelga01,NA,6-3,75
mellini01,NA,6-9,81
melofa01,22,7-0,84
meltode01,46,6-2,74
mensana01,NA,6-9,81
mensapo01,NA,6-9,81
mercero01,6,6-7,79
merrisa01,60,6-4,76
metuch01,49,6-10,82
meyerlo01,24,6-10,82
micicva01,52,6-3,75
mickejo01,33,6-8,80
middlkh01,39,6-7,79
mihmch01,7,7-0,84
mikaer01,NA,6-10,82
milesaa01,NA,6-1,73
milescj01,34,6-6,78
milesda01,3,6-9,81
milicda01,2,7-0,84
milicma01,34,6-6,78
millean01,39,6-9,81
millean02,8,6-3,75
millebr01,NA,6-11,83
millebr02,2,6-7,79
milleda01,46,6-6,78
milleem01,NA,6-5,77
millejo02,48,6-5,77
millele01,33,6-10,82
millema01,NA,6-7,79
millemi01,5,6-8,80
milleol01,22,6-9,81
millequ01,38,6-9,81
millere01,11,6-7,79
millsch01,22,6-6,78
millsel01,NA,6-6,78
millspa01,47,6-7,79
millspa02,55,6-2,74
millste01,16,6-10,82
miltosh01,54,6-5,77
minayju01,NA,6-5,77
mingya01,1,7-6,90
minixri01,NA,6-7,79
minorgr01,25,6-6,78
minotjo01,45,6-8,80
mirotni01,23,6-10,82
miskija01,NA,6-2,74
missiyv01,21,6-11,83
mitchaj01,38,6-4,76
mitchda01,9,6-0,72
mitchdo01,13,6-2,74
mitchsa01,54,6-6,78
mitchto02,37,6-8,80
mitchto03,NA,6-6,78
mitrona01,NA,6-3,75
moblecu01,41,6-4,76
mobleer01,18,6-11,83
mobleev01,3,6-11,83
mobleis01,49,6-8,80
mogbojo01,31,6-9,81
mohamna01,29,6-10,82
moisoje01,11,6-10,82
mokokad01,NA,6-4,76
monekch01,NA,6-5,77
moniase01,23,6-8,80
monkma01,11,6-3,75
monrogr01,7,6-11,83
montelu01,NA,6-7,79
montrer01,9,7-0,84
moodymo01,14,6-5,77
moonema01,NA,6-3,75
moonja01,NA,6-8,80
moonxa01,NA,6-0,72
moorebe01,NA,6-8,80
mooreet01,55,6-3,75
mooremi01,NA,7-0,84
mooreta02,NA,6-5,77
mooretr01,NA,6-4,76
moorewe01,26,6-5,77
moranja01,2,6-2,74
moreler01,NA,6-10,82
morgaju01,NA,6-7,79
morriad01,3,6-8,80
morrich01,4,6-8,80
morrida01,41,6-4,76
morrija01,NA,6-5,77
morrima02,13,6-9,81
morrima03,14,6-8,80
morrimo01,51,6-2,74
morrira01,NA,6-10,82
morrite01,34,6-9,81
morroan01,NA,6-5,77
motenla01,36,6-5,77
motiedo01,20,7-0,84
motlejo01,NA,6-8,80
mottoha01,40,6-11,83
moultar01,27,6-11,83
mournal01,2,6-10,82
mozgoti01,NA,7-1,85
mudiaem01,7,6-3,75
muhamsh01,14,6-5,77
muldemy01,NA,6-3,75
mulleby01,24,7-0,84
mullich01,7,6-7,79
munfoxa02,NA,6-4,76
murdoer01,21,6-1,73
muresgh01,30,7-7,91
murkead01,NA,6-5,77
murpher01,49,6-10,82
murphke01,47,6-5,77
murphtr01,14,6-11,83
murphtr02,17,6-8,80
murraco01,9,6-7,79
murrade01,29,6-4,76
murraja01,7,6-4,76
murrake02,4,6-8,80
murrakr01,23,6-8,80
murrala01,7,6-7,79
murraro01,42,6-4,76
murratr01,18,6-7,79
murryto01,NA,6-5,77
musadz01,29,6-9,81
muscami01,44,6-10,82
mutomdi01,4,7-2,86
muursma01,25,6-9,81
myerspe01,120,6-6,78
mykhasv01,47,6-7,79
nachbbo01,15,6-9,81
naderab01,58,6-5,77
nailole01,43,6-9,81
najered01,38,6-8,80
nancela02,27,6-6,78
nancepe01,NA,6-9,81
napiesh01,24,6-0,72
nashst01,15,6-3,75
navarju01,40,6-3,75
ndiayha01,56,7-0,84
ndiayma01,NA,6-8,80
ndiayma02,26,7-0,84
ndongbo01,NA,7-0,84
ndourma01,NA,6-9,81
nealga01,NA,6-4,76
nedovne01,30,6-3,75
nelsode01,NA,6-4,76
nelsoja01,20,6-0,72
nembhan01,31,6-4,76
nembhrj01,NA,6-5,77
nembhru01,NA,6-3,75
nembhry01,NA,5-11,71
nesbyty01,NA,6-6,78
nesmiaa01,14,6-5,77
nestera01,17,7-0,84
netora01,47,6-2,74
newbiiv01,NA,6-9,81
newblir01,NA,6-7,79
newelas01,23,6-10,82
newmajo01,29,6-7,79
newmama01,NA,6-3,75
newtotr01,49,6-5,77
nfalyda01,NA,6-11,83
niangge01,50,6-6,78
nichoan01,19,6-9,81
nichode01,53,6-8,80
nickega01,34,6-3,75
nixda01,NA,6-3,75
nnajize01,22,6-10,82
noahjo01,9,6-11,83
nocioan01,NA,6-7,79
noelda01,39,6-6,78
noelne01,6,6-10,82
noguelu01,16,7-0,84
nordgje01,53,6-7,79
normake01,19,6-8,80
norrimi01,NA,6-7,79
norrimo01,33,6-1,73
norveza01,NA,6-5,77
novakst01,32,6-10,82
nowelja01,43,6-4,76
nowelma01,NA,5-7,67
nowitdi01,9,7-0,84
ntilila01,8,6-4,76
nunnaja01,NA,6-7,79
nunnke01,NA,6-3,75
nurkiju01,16,6-11,83
nwabada01,NA,6-5,77
nworajo01,45,6-8,80
oaklech01,9,6-9,81
obannch01,32,6-5,77
obanned01,9,6-8,80
obertfa01,NA,6-10,82
obriejj01,NA,6-7,79
obryajo01,36,6-9,81
obryapa01,9,7-0,84
ochefda01,NA,6-11,83
odengr01,1,7-0,84
odomla01,4,6-10,82
ohlbrti01,NA,6-11,83
ojelese01,37,6-6,78
okafoem01,2,6-10,82
okafoja01,3,6-10,82
okekech01,16,6-7,79
okoboel01,31,6-3,75
okogijo01,20,6-4,76
okongon01,6,6-10,82
okorois01,5,6-4,76
okpalkz01,32,6-8,80
okurme01,38,6-11,83
oladivi01,2,6-3,75
olajuha01,1,7-0,84
olivaqu01,NA,6-2,74
olivebr01,32,6-4,76
oliveca01,NA,6-8,80
olivede01,NA,5-11,71
oliveji01,39,6-5,77
ollieke01,NA,6-2,74
olowomi01,1,7-0,84
olynyke01,13,7-0,84
omorueu01,NA,6-6,78
onealje01,17,6-11,83
onealro01,NA,6-6,78
onealsh01,1,7-1,85
onimi01,58,6-5,77
onuakar01,NA,6-9,81
onuakch01,37,6-10,82
oquinky01,49,6-9,81
ortonda01,29,6-10,82
osmande01,31,6-7,79
ostergr01,28,7-2,86
oturuda01,33,6-10,82
oubreke01,15,6-8,80
outlabo01,NA,6-8,80
outlatr01,23,6-9,81
overtdo01,40,6-3,75
owensan01,NA,6-4,76
owensbi01,3,6-9,81
owensch01,48,6-7,79
owensla01,NA,6-7,79
owensta01,NA,6-10,82
owesra01,NA,6-9,81
oyedeol01,42,6-10,82
pachuza01,42,6-11,83
packro01,NA,6-2,74
padgesc01,28,6-9,81
paigeja01,NA,6-2,74
paigema01,55,6-0,72
palacmi01,NA,6-3,75
palmetr01,NA,6-6,78
pangoke01,NA,6-1,73
pankoan01,NA,6-9,81
papagge01,13,7-1,85
papanko01,48,6-8,80
pargoja01,NA,6-1,73
pargoje01,NA,6-2,74
parisro01,8,7-1,85
parkean01,21,6-6,78
parkeja01,2,6-7,79
parkesm01,NA,6-4,76
parketo01,28,6-2,74
parksch02,12,6-11,83
parsoch01,38,6-9,81
pascher01,41,6-6,78
pasecan01,25,7-1,85
pattean01,46,6-9,81
pattela01,48,6-5,77
pattepa01,14,6-8,80
patteru01,31,6-5,77
pattoju01,16,6-11,83
paulbr01,NA,6-4,76
paulch01,4,6-0,72
pavloal01,19,6-8,80
paynead01,15,6-10,82
payneca01,14,6-2,74
paytoel01,10,6-3,75
paytoga01,2,6-4,76
paytoga02,NA,6-2,74
peavymi01,40,6-7,79
pecheol01,18,7-0,84
peelean01,15,6-4,76
pekovni01,31,6-11,83
pelleno01,NA,6-10,82
penbemi01,NA,6-3,75
pendano01,32,6-7,79
pendeje02,31,6-9,81
penigde01,NA,6-7,79
penneki01,NA,6-5,77
perduwi01,11,7-0,84
pereima01,NA,6-8,80
perkike01,27,6-10,82
perkisa01,4,6-9,81
perovko01,38,7-2,86
perralo01,NA,6-2,74
perryel01,37,6-0,72
perryre01,57,6-8,80
persoch01,4,6-8,80
persowe01,23,6-6,78
peteral01,54,6-9,81
peterdr01,NA,6-8,80
petermo01,21,6-7,79
peterta01,54,6-3,75
petrojo01,25,7-0,84
petrufi01,50,6-11,83
phillbo01,45,6-5,77
phillju01,35,6-6,78
piatker01,15,6-7,79
pickeja01,NA,6-9,81
pickeja02,32,6-2,74
piercpa01,10,6-7,79
piercri01,18,6-4,76
pietrmi01,11,6-6,78
pincked01,10,6-9,81
pinknke01,NA,6-10,82
pinsoth01,NA,6-5,77
pippesc01,5,6-8,80
pippesc02,NA,6-2,74
pittmde01,32,6-11,83
planizo01,22,6-7,79
pleisti01,31,7-3,87
plowdda01,NA,6-4,76
plumlma01,22,7-0,84
plumlma02,NA,7-0,84
plumlmi01,26,6-11,83
podkopa01,21,7-5,89
podzibr01,19,6-4,76
poeltja01,9,7-0,84
poirivi01,NA,7-0,84
pokusal01,17,7-0,84
pollasc01,19,6-11,83
polynol01,8,7-0,84
pondequ01,26,6-7,79
pondssh01,NA,6-0,72
ponsyv01,NA,6-5,77
poolejo01,28,6-4,76
popema01,52,6-10,82
portech01,55,6-7,79
portecr01,NA,6-1,73
portejo01,NA,6-11,83
porteke02,30,6-5,77
portemi01,14,6-10,82
porteot01,3,6-8,80
portete01,24,6-3,75
portibo01,22,6-9,81
porzikr01,4,7-2,86
poseyja01,18,6-8,80
postela01,39,6-5,77
postqu01,52,7-0,84
potapvi01,12,6-10,82
pottemi01,NA,6-9,81
poweldr01,22,6-5,77
poweldw01,45,6-10,82
powele01,49,6-8,80
poweljo01,NA,6-9,81
powelka01,NA,6-7,79
powelmy01,NA,6-2,74
powelno01,46,6-3,75
powelro01,NA,6-6,78
poythal01,NA,6-9,81
pressph01,NA,5-11,71
prestja01,33,6-3,75
priceaj01,52,6-2,74
pricebr01,32,6-1,73
pricema01,25,6-0,72
pricero01,NA,6-2,74
prigipa01,NA,6-3,75
primojo01,12,6-4,76
princta01,23,6-9,81
princta02,12,6-6,78
pritcpa01,26,6-1,73
proctty01,49,6-4,76
profila01,38,6-5,77
prospol01,24,6-7,79
pruitga01,32,6-4,76
przybjo01,9,7-1,85
pulleja01,NA,6-1,73
pullizy01,NA,6-4,76
purviro01,NA,6-4,76
qizh01,43,7-1,85
quartti01,NA,6-6,78
queende01,13,6-9,81
queentr01,NA,6-5,77
quetane01,39,7-0,84
quickim01,25,6-2,74
quinnch01,NA,6-2,74
quinole01,NA,6-5,77
rabbiv01,35,6-10,82
radjadi01,40,6-11,83
radmavl01,12,6-10,82
radojal01,12,7-3,87
radulmi01,NA,7-0,84
rakocig01,51,6-3,75
ramospe01,32,7-3,87
ramseja01,43,6-3,75
randlch01,NA,6-2,74
randlju01,7,6-9,81
randoan01,14,6-10,82
randosh01,NA,6-10,82
randoza01,19,6-9,81
rathaxa01,NA,6-4,76
ratlith01,18,6-10,82
rautian01,38,6-4,76
rayal01,NA,6-2,74
raynama01,42,7-1,85
reathdu01,NA,6-9,81
reaveau01,NA,6-5,77
reavejo02,NA,6-4,76
rebraze01,54,7-0,84
recasel01,NA,6-3,75
reddica01,10,6-7,79
reddmi01,43,6-6,78
redicjj01,11,6-3,75
reedda01,32,6-5,77
reedju01,40,6-8,80
reedpa01,58,6-9,81
reedwi02,NA,6-11,83
reeseal01,NA,6-9,81
reevean01,47,6-5,77
reevebr01,6,7-0,84
reevekh01,12,6-3,75
reiddo01,58,6-8,80
reidjr01,5,6-9,81
reidna01,NA,6-9,81
reidry01,57,6-8,80
reineja01,NA,6-11,83
rentzef01,23,6-11,83
respesh01,8,6-1,73
reynoca01,NA,6-7,79
rhodeja01,NA,6-5,77
rhodero01,24,6-6,78
ricegl01,4,6-8,80
ricegl02,35,6-6,78
richach01,41,6-9,81
richaja01,5,6-6,78
richaja02,25,6-1,73
richaje01,NA,6-6,78
richajo01,40,6-5,77
richama01,22,6-6,78
richani01,42,6-11,83
richano01,NA,6-5,77
richapo01,10,6-1,73
richaqu01,18,6-6,78
richawi02,56,6-3,75
richmmi01,5,6-5,77
rideris01,5,6-5,77
ridnolu01,14,6-2,74
rigauan01,NA,6-7,79
rileyer01,33,7-0,84
rileywi01,21,6-9,81
rillegr01,56,6-2,74
risacza01,1,6-8,80
riverau01,10,6-4,76
robbili01,NA,7-0,84
roberan02,NA,6-2,74
roberan03,26,6-7,79
roberbr01,NA,6-1,73
roberfr01,27,6-10,82
roberla01,55,6-9,81
roberry01,45,6-5,77
roberst01,23,7-0,84
roberte01,NA,6-7,79
robinbe01,45,6-6,78
robinch01,51,6-5,77
robincl02,36,6-10,82
robinda01,1,7-1,85
robinde01,NA,6-8,80
robindu01,NA,6-7,79
robined01,NA,6-8,80
robingl01,1,6-7,79
robingl02,40,6-6,78
robinja02,21,6-2,74
robinja03,NA,6-7,79
robinje01,13,6-5,77
robinje02,32,6-9,81
robinju01,NA,6-1,73
robinla01,NA,6-3,75
robinmi01,36,7-0,84
robinna01,21,5-9,69
robinor01,NA,6-10,82
robinru01,10,6-2,74
robinth01,5,6-10,82
robyis01,45,6-6,78
roddyda01,23,6-5,77
rodmade01,27,6-7,79
rodrise01,27,6-3,75
roelo01,30,6-7,79
rogerca01,11,6-11,83
rogerro01,9,6-7,79
rogerro02,22,6-10,82
rolliry01,44,6-3,75
rondora01,21,6-1,73
rooksse01,30,6-10,82
rosede01,1,6-3,75
roseja01,13,6-8,80
rosema01,44,6-7,79
rossqu01,NA,6-6,78
rosste01,8,6-6,78
roweja01,NA,6-6,78
royaldo01,52,6-8,80
roybr01,6,6-6,78
roziecl01,16,6-11,83
roziete01,16,6-1,73
rubiori01,5,6-2,74
ruckegu01,NA,6-11,83
rudezda01,NA,6-10,82
ruffimi01,32,6-9,81
ruperra01,43,6-7,79
rushbr01,13,6-6,78
rushka01,20,6-6,78
russebr01,45,6-7,79
russeda01,2,6-3,75
russewa02,NA,6-0,72
ryanma01,NA,6-6,78
sabonar01,77,7-3,87
sabondo01,11,6-10,82
sacrero01,60,7-0,84
salauti01,6,6-10,82
sallejo01,11,6-11,83
sallihu01,NA,6-4,76
salmojo01,26,6-6,78
salvake01,NA,7-0,84
samakso01,36,7-0,84
samanlu01,19,6-10,82
sambch01,51,7-1,85
sampsbr01,NA,6-5,77
sampsja01,47,6-11,83
sampsja02,NA,6-7,79
samueje01,NA,6-6,78
samuesa01,NA,6-9,81
sanchpe01,NA,6-4,76
sandeko01,50,6-8,80
sandela01,15,6-11,83
sandeme01,NA,6-5,77
sanogad01,NA,6-9,81
santida01,NA,7-1,85
santogu01,55,6-7,79
sarafbe01,26,6-6,78
saricda01,12,6-10,82
sarral01,2,7-0,84
sarrol01,NA,6-10,82
sasseja01,41,6-7,79
sasseje01,22,6-6,78
sassema01,25,6-1,73
satorto01,32,6-7,79
satteke01,54,6-2,74
savovpr01,NA,6-6,78
scalabr01,35,6-9,81
scaleal01,NA,6-4,76
schakjo01,NA,6-6,78
schayda01,13,6-11,83
schefst01,39,6-9,81
scheiba01,30,6-6,78
schenlu01,NA,7-1,85
schindw01,24,7-1,85
schofad01,42,6-5,77
schrede01,8,6-10,82
schrode01,17,6-1,73
scolalu01,56,6-9,81
scottbr01,NA,6-10,82
scottby01,4,6-4,76
scottde01,4,6-8,80
scottja01,NA,6-6,78
scottmi01,43,6-7,79
scottsh01,43,6-10,82
scotttr01,NA,6-8,80
scrubja01,55,6-5,77
seabrde01,NA,6-5,77
sealssh01,NA,6-5,77
sealyma01,14,6-8,80
searsma01,NA,6-0,72
sefolth01,13,6-6,78
seikaro01,9,6-11,83
selbyjo01,49,6-2,74
seldewa01,NA,6-4,76
senesa01,10,6-11,83
sengual01,16,6-11,83
sensabr01,28,6-6,78
serapke01,17,6-9,81
sesayan01,30,6-9,81
sessira01,56,6-3,75
seungha01,46,7-3,87
sextoco01,8,6-3,75
shackch01,32,6-11,83
shakumu01,NA,6-3,75
shamela01,26,6-5,77
shammgo01,46,6-0,72
shannte01,27,6-6,78
sharpda01,29,6-10,82
sharpsh01,7,6-5,77
sharpwa01,32,6-9,81
shawbr01,24,6-6,78
shawca01,37,6-11,83
shayoma01,54,6-5,77
sheadja01,45,6-1,73
shengto01,54,6-9,81
sheppbe01,26,6-6,78
sheppje01,NA,6-3,75
sheppre01,3,6-2,74
shirlpa01,NA,6-10,82
shumpim01,17,6-5,77
shvedal01,NA,6-6,78
siakapa01,27,6-8,80
siberjo01,NA,6-4,76
silasxa01,NA,6-5,77
silerga01,NA,6-11,83
silvach01,NA,6-8,80
simiewa01,29,6-9,81
simmobe01,1,6-10,82
simmobo01,42,6-7,79
simmoce01,15,6-9,81
simmojo02,NA,6-6,78
simmoko01,NA,6-5,77
simmoli01,7,6-7,79
simonan01,24,6-3,75
simonma01,44,7-0,84
simonmi01,42,6-3,75
simpkdi01,21,6-9,81
simpskj01,42,6-2,74
simpsza01,NA,6-0,72
simsal01,NA,6-4,76
simsco01,NA,6-10,82
simshe01,NA,6-10,82
simsja01,NA,6-6,78
simsje01,58,6-10,82
singlch01,18,6-8,80
singlja01,NA,6-8,80
singlky01,33,6-8,80
singlse01,42,6-0,72
sirvyde01,37,6-8,80
sivape01,56,6-0,72
skapidm01,NA,7-1,85
skinnbr01,22,6-9,81
slatere01,NA,6-7,79
slawsja01,54,6-7,79
slayta01,54,6-8,80
sloando01,NA,6-3,75
slokaur01,58,6-10,82
smailal01,39,6-10,82
smallja01,48,6-1,73
smartja01,NA,6-4,76
smartma01,6,6-3,75
smithch01,3,6-10,82
smithch04,26,6-4,76
smithch05,NA,6-2,74
smithcr01,36,6-7,79
smithde03,9,6-2,74
smithdo04,34,6-7,79
smithdr01,NA,6-2,74
smithgr02,NA,6-10,82
smithis01,NA,6-0,72
smithja01,45,6-11,83
smithja02,20,7-0,84
smithja04,10,6-8,80
smithja05,3,6-11,83
smithje01,NA,6-2,74
smithjo02,1,6-10,82
smithjo03,17,6-9,81
smithjr01,18,6-6,78
smithke01,6,6-3,75
smithle01,29,6-10,82
smithmi02,35,6-8,80
smithmi03,35,6-8,80
smithni01,27,6-2,74
smithno01,21,6-2,74
smithru01,47,6-0,72
smithst01,5,6-8,80
smithst02,NA,6-2,74
smithst03,NA,6-8,80
smithte01,NA,6-4,76
smithth01,NA,6-8,80
smithto02,51,6-3,75
smithto05,NA,6-11,83
smithty02,33,6-9,81
smithzh01,16,6-3,75
smitsri01,2,7-4,88
sneedxa01,NA,6-5,77
snellto01,20,6-6,78
snower01,43,6-3,75
snydeki01,16,6-6,78
sochaje01,9,6-8,80
solomwi01,33,6-1,73
songada01,50,6-9,81
southja01,NA,6-8,80
sowpa01,47,6-10,82
spaldra01,56,6-10,82
spanova01,50,6-4,76
speigma01,16,6-10,82
spellom01,30,6-8,80
spencca01,53,6-3,75
spencel01,25,7-0,84
spencfe01,6,7-0,84
spencpa01,NA,6-2,74
splitti01,28,6-11,83
sprewla01,24,6-5,77
sprinja01,28,6-4,76
stackje01,3,6-6,78
stackry01,48,6-11,83
stanlca01,54,6-5,77
starkjo01,NA,6-5,77
stausni01,8,6-6,78
steigma01,52,6-7,79
stepavl01,27,7-0,84
stephal01,NA,6-10,82
stephdj01,NA,6-5,77
stephjo01,NA,6-7,79
stephla01,40,6-6,78
stevede01,23,6-5,77
steveis01,NA,5-11,71
stevela01,NA,6-7,79
stewais01,16,6-8,80
stewake01,36,6-8,80
stewala01,NA,6-8,80
stewami01,NA,6-10,82
stiemgr01,NA,6-11,83
stithbr01,13,6-5,77
stockda01,NA,5-11,71
stockjo01,16,6-1,73
stojape01,14,6-10,82
stokeed01,35,7-0,84
stokeja01,35,6-9,81
stonedi01,40,6-11,83
stoneju01,NA,6-6,78
storeaw01,NA,6-6,78
stoudam01,9,6-10,82
stoudda01,7,5-10,70
stoudsa01,31,6-1,73
strawdj01,59,6-5,77
strawju01,29,6-6,78
stricer01,NA,6-3,75
stricma01,NA,6-9,81
stricro02,19,6-3,75
stronde01,47,6-8,80
strusma01,NA,6-5,77
stuckro01,15,6-5,77
suggsja01,5,6-5,77
sullija01,21,6-9,81
summeda01,35,6-8,80
sumneed01,52,6-4,76
sundobr01,35,7-2,86
surabo01,17,6-5,77
swanica01,26,6-9,81
sweetmi01,9,6-8,80
swideco01,NA,6-10,82
swiftro01,12,7-0,84
swiftst01,2,6-9,81
swordcr01,NA,6-3,75
sykeske01,NA,5-11,71
sypa01,53,6-7,79
szabobr01,NA,6-11,83
szczewa02,6,6-7,79
tabakza01,51,7-0,84
tabusyu01,NA,5-9,69
taftch01,42,6-10,82
tarladr01,31,6-10,82
tateja01,NA,6-4,76
tatumja01,3,6-8,80
tavarwa01,43,7-3,87
taylodo01,NA,6-6,78
taylois01,NA,6-3,75
tayloje02,32,6-4,76
tayloje03,31,6-7,79
taylojo01,17,6-9,81
tayloma01,14,6-9,81
taylomi01,55,6-2,74
taylote01,NA,6-5,77
tayloty01,41,6-3,75
teaguje01,19,6-3,75
teaguma01,29,6-2,74
teletmi01,NA,6-9,81
telfase01,13,6-0,72
telfoja01,NA,6-7,79
templga01,NA,6-5,77
teodomi01,NA,6-5,77
terreja01,NA,6-3,75
terryda01,18,6-6,78
terryem01,NA,6-9,81
terryja01,10,6-2,74
terryty01,31,6-2,74
teskejo01,NA,7-1,85
thabeha01,2,7-3,87
theisda01,NA,6-8,80
thierad01,36,6-7,79
thomaad01,NA,6-7,79
thomabi01,NA,6-4,76
thomabr01,NA,6-5,77
thomaca01,NA,6-4,76
thomaca02,27,6-3,75
thomaet01,12,6-9,81
thomais02,60,5-9,69
thomaja01,NA,6-6,78
thomaja02,NA,6-8,80
thomajo02,25,6-9,81
thomake01,22,6-7,79
thomakh01,38,6-3,75
thomaku01,10,6-9,81
thomala01,NA,6-8,80
thomama01,NA,6-9,81
thomama02,NA,6-3,75
thomati01,7,6-10,82
thomaty01,4,6-9,81
thompam01,4,6-7,79
thompau01,5,6-7,79
thompbr01,27,6-4,76
thompdi01,54,6-7,79
thompho01,NA,6-8,80
thompja02,12,6-11,83
thompkl01,11,6-5,77
thompla01,5,6-10,82
thompmy02,NA,6-6,78
thomptr01,4,6-9,81
thomptr02,37,6-10,82
thorjt01,37,6-9,81
thornal01,14,6-8,80
thornma01,43,6-4,76
thornsi01,48,6-4,76
thorpot01,9,6-10,82
threase01,139,6-2,74
thybuma01,20,6-5,77
tilliki02,NA,6-9,81
tillmxa01,35,6-8,80
timmedr01,NA,6-9,81
tinslja01,27,6-3,75
tisdawa01,2,6-9,81
tobeymi01,NA,7-0,84
toddis01,31,6-9,81
tollian01,NA,6-8,80
tomlina01,NA,6-8,80
toppija01,NA,6-9,81
toppiob01,8,6-9,81
torreos01,NA,6-6,78
toscaju01,NA,6-6,78
toupaax01,NA,6-7,79
towerke01,NA,6-11,83
townska01,1,7-0,84
traorno01,19,6-3,75
travelu01,56,6-6,78
traylro01,6,6-8,80
trentga01,11,6-8,80
trentga02,37,6-5,77
trepaje01,36,6-4,76
trieral01,NA,6-4,76
trybace01,NA,7-2,86
tsakaja01,25,7-2,86
tshieos01,NA,6-8,80
tskitni01,5,7-0,84
tuckeal02,29,6-6,78
tuckepj01,35,6-5,77
tuckera01,NA,6-3,75
turiaro01,37,6-10,82
turkcmi01,18,6-9,81
turkohe01,16,6-10,82
turneev01,2,6-6,78
turnemy01,11,6-11,83
turnewa01,NA,6-2,74
tylerje01,39,6-10,82
tysonhu01,37,6-8,80
tysonja01,20,6-6,78
ubileed01,NA,6-6,78
udohek01,6,6-10,82
udokaim01,NA,6-6,78
udrihbe01,28,6-3,75
ukicro01,41,6-5,77
ulisty01,34,5-10,70
umudest01,NA,6-6,78
uthofja01,NA,6-9,81
uzohbe01,NA,6-3,75
valanjo01,5,6-11,83
valende01,14,6-4,76
vandeja01,41,6-8,80
vanexni01,37,6-1,73
vanhoke01,2,6-10,82
vanteda01,NA,6-5,77
vanvlfr01,NA,6-0,72
vardara01,NA,7-1,85
varejan01,30,6-11,83
varnaja01,41,6-9,81
vasqugr01,28,6-6,78
vassede01,11,6-5,77
vaughda02,25,6-9,81
vaughja01,27,6-1,73
vaughlo01,13,6-9,81
vaughra01,17,6-6,78
veselja01,6,6-11,83
vezenal01,57,6-8,80
villach01,7,6-11,83
vincega01,NA,6-2,74
vincima01,43,6-8,80
vinsofr01,NA,6-4,76
vonleno01,9,6-10,82
voskuja01,33,6-11,83
vranesl01,39,7-5,89
vrankst01,NA,7-2,86
vromaja01,31,6-10,82
vucevni01,16,6-9,81
vujacsa01,27,6-7,79
vukcetr01,42,7-0,84
wadede01,NA,6-9,81
wadedw01,5,6-4,76
wafervo01,39,6-5,77
wagneda02,6,6-2,74
wagnefr01,8,6-10,82
wagnemo01,25,6-11,83
wainris01,NA,6-5,77
waitedi01,4,6-3,75
walkean02,6,6-9,81
walkebi01,47,6-6,78
walkeja01,57,6-7,79
walkeja02,8,6-7,79
walkeke02,9,6-0,72
walkelo01,18,6-4,76
walkemj01,NA,6-5,77
walkesa01,9,6-9,81
wallabe01,NA,6-9,81
wallaca01,10,6-3,75
wallage01,25,6-7,79
wallajo01,18,6-8,80
wallake01,NA,6-3,75
wallara01,4,6-11,83
wallaty01,60,6-5,77
walljo01,1,6-3,75
walshjo01,38,6-6,78
walshma01,NA,6-6,78
walteja01,19,6-4,76
waltere01,16,6-4,76
waltode01,NA,6-0,72
waltolu01,32,6-8,80
wanambr01,NA,6-3,75
wardch01,26,6-2,74
wareca01,NA,5-10,70
wareke01,15,7-0,84
warneja01,NA,6-8,80
warretj01,14,6-8,80
warrewi01,54,6-4,76
warriha01,19,6-9,81
washbju01,NA,6-8,80
washida01,NA,6-2,74
washidu02,NA,6-2,74
washier01,47,6-4,76
washipj01,12,6-7,79
washity02,29,6-3,75
watanyu01,NA,6-9,81
waterli01,NA,6-5,77
watertr01,51,5-10,70
watfotr01,NA,6-8,80
watkida01,NA,6-11,83
watkija01,43,6-6,78
watsoan02,54,6-8,80
watsocj01,NA,6-2,74
watsoea01,40,6-1,73
watsoja01,47,6-7,79
watsopa01,NA,6-6,78
watsope01,30,6-8,80
waynsma01,NA,6-2,74
wearda01,NA,6-10,82
weartr01,NA,6-9,81
weathcl01,9,6-7,79
weathqu01,49,6-3,75
weaveky01,38,6-6,78
webbech01,1,6-10,82
webbja01,NA,6-9,81
webbsp01,87,5-6,66
weberbr01,NA,6-2,74
webstma02,6,6-7,79
weemsso01,39,6-6,78
wellsbo01,11,6-5,77
wellsbu01,35,6-5,77
wellsja01,39,6-7,79
welscji01,16,6-7,79
welshth01,58,7-0,84
wembavi01,1,7-4,88
wennibi01,16,7-0,84
werdaro01,46,6-11,83
weslebl01,25,6-4,76
wesleda01,NA,6-0,72
westbru01,4,6-4,76
westda01,18,6-9,81
westde01,24,6-3,75
westdo01,38,6-6,78
westma01,30,6-10,82
westma02,NA,6-5,77
whalero01,51,6-10,82
whatlen01,13,6-3,75
wheatde01,52,6-0,72
wheelph02,NA,6-8,80
wheelty01,47,5-10,70
whitean01,NA,6-7,79
whiteco01,7,6-4,76
whiteda01,22,6-6,78
whitede01,29,6-4,76
whitedj01,29,6-9,81
whitedo01,NA,5-10,70
whiteha01,33,7-0,84
whiteis01,42,6-4,76
whiteja01,43,6-9,81
whiteja02,31,6-7,79
whiteja03,NA,6-7,79
whiteok01,NA,6-8,80
whitero02,9,6-9,81
whitero03,16,6-8,80
whitmca01,20,6-6,78
whitnch01,47,6-0,72
whittgr01,NA,6-8,80
whittsh01,NA,6-11,83
wieskjo01,41,6-6,78
wiggiaa01,55,6-5,77
wiggian01,1,6-6,78
wiggili01,NA,6-1,73
wilcoch01,8,6-10,82
wilcocj01,28,6-5,77
wileyja01,NA,6-8,80
wilkida02,NA,6-6,78
wilkido01,3,6-8,80
wilkige01,47,6-6,78
wilksmi01,NA,5-10,70
williaa01,NA,6-9,81
willial02,48,6-5,77
willial03,NA,6-8,80
willial06,NA,6-4,76
william01,46,6-11,83
willibr01,NA,6-6,78
willibr03,NA,6-1,73
willibu01,3,6-8,80
willicj01,NA,6-5,77
willico02,13,6-7,79
willico04,10,6-8,80
willide01,3,6-3,75
willide02,2,6-8,80
willido02,NA,6-6,78
williel01,22,6-5,77
willier01,14,6-8,80
willifr02,25,6-3,75
willigr01,22,6-7,79
willihe01,14,6-11,83
williho01,45,6-11,83
willija01,21,6-9,81
willija02,7,6-1,73
willija03,2,6-2,74
willija04,NA,6-9,81
willija06,12,6-5,77
willija07,34,6-9,81
willije01,26,6-9,81
willije02,NA,6-5,77
willijo03,36,6-10,82
willijo04,NA,6-9,81
williju01,NA,6-10,82
willike02,11,7-0,84
willike04,NA,6-7,79
willilo01,NA,6-9,81
willilo02,45,6-2,74
willima01,47,6-1,73
willima02,2,6-8,80
willima03,22,6-3,75
willima04,33,6-7,79
willima05,NA,6-5,77
willima07,15,7-1,85
willima11,NA,6-11,83
willimi02,48,6-2,74
willimo01,24,6-8,80
willini01,55,6-2,74
willipa01,4,6-6,78
willire01,4,6-7,79
willire02,NA,6-6,78
williro04,27,6-9,81
willisc01,NA,6-10,82
willise01,17,6-10,82
willish01,34,6-1,73
willish02,5,6-9,81
willish03,17,6-9,81
willite01,11,6-6,78
willitr01,NA,6-6,78
willitr02,NA,6-7,79
willivi01,47,6-4,76
williwa02,7,6-8,80
willizi01,1,6-6,78
willizi02,10,6-9,81
willode01,NA,6-3,75
wilsodj01,17,6-10,82
wilsoja02,NA,6-7,79
wilsoja03,51,6-6,78
wiltjky01,NA,6-10,82
windldy01,26,6-7,79
wingada01,44,6-5,77
wingfdo01,37,6-8,80
winslju01,10,6-6,78
winstca01,53,6-1,73
wintetr01,NA,7-0,84
wisemja01,2,6-11,83
witheje01,39,7-0,84
wolfda01,27,6-11,83
wolfjo01,13,6-11,83
wolkoru01,NA,6-10,82
woltena01,38,6-4,76
wongis01,55,6-3,75
woodaro01,40,6-6,78
woodch01,NA,6-8,80
woodda01,NA,6-9,81
woodslo01,46,7-1,85
woodsqy01,21,6-8,80
workmha01,49,6-2,74
wrighan01,15,6-7,79
wrighbr02,47,6-3,75
wrighbr03,8,6-10,82
wrighch01,NA,6-8,80
wrighch02,NA,6-1,73
wrighde01,20,6-4,76
wrighdo01,19,6-9,81
wrighju01,13,6-8,80
wrighju02,53,6-0,72
wrighlo02,7,6-11,83
wrighmc01,NA,5-11,71
wrighmo01,NA,6-8,80
wrighsh01,6,6-11,83
wroteto01,25,6-6,78
yabusgu01,16,6-7,79
yangha01,16,7-1,85
yarbrvi01,33,6-7,79
yorkga01,NA,6-3,75
youngch01,NA,6-4,76
youngja01,17,6-6,78
youngja05,NA,6-0,72
youngjo01,43,6-2,74
youngko01,40,6-7,79
youngni01,16,6-7,79
youngsa01,36,6-6,78
youngth01,12,6-8,80
youngti01,56,7-2,86
youngtr01,5,6-2,74
yuesu01,40,6-9,81
yurtsom01,NA,6-11,83
zelleco01,4,6-11,83
zellelu01,NA,6-11,83
zellety01,17,7-0,84
zhizhwa01,36,7-0,84
zidekge01,22,7-0,84
zimmede01,40,6-3,75
zimmest01,41,7-0,84
zipsepa01,48,6-8,80
zizican01,23,6-10,82
zubaciv01,32,7-0,84
